Country,Freedom,GDP.per.capita,Generosity,Happiness.Rank,Happiness.Score,Life.Expectancy,Social.Support,Trust.Goverment.Corruption,Year
Denmark,0.5794100000000001,1.4417799999999998,0.36171,1,7.526,0.79504,1.16374,0.44453000000000004,2016
Switzerland,0.58557,1.5273299999999999,0.28083,2,7.5089999999999995,0.86303,1.14524,0.41203,2016
Iceland,0.56624,1.42666,0.47678000000000004,3,7.501,0.8673299999999999,1.18326,0.14975,2016
Norway,0.59609,1.57744,0.37895,4,7.497999999999999,0.79579,1.1269,0.35775999999999997,2016
Finland,0.57104,1.40598,0.25492,5,7.412999999999999,0.81091,1.1346399999999999,0.41003999999999996,2016
Canada,0.5737,1.44015,0.44833999999999996,6,7.404,0.8276,1.0961,0.31329,2016
Netherlands,0.55211,1.46468,0.47416,7,7.3389999999999995,0.8123100000000001,1.02912,0.29927,2016
New Zealand,0.5814699999999999,1.36066,0.49401000000000006,8,7.334,0.83096,1.17278,0.41903999999999997,2016
Australia,0.5683699999999999,1.4444299999999999,0.47407,9,7.313,0.8512,1.10476,0.32331,2016
Sweden,0.58218,1.45181,0.38254,10,7.291,0.83121,1.08764,0.40867,2016
Israel,0.36432,1.33766,0.32288,11,7.267,0.8491700000000001,0.9953700000000001,0.08728,2016
Austria,0.54355,1.45038,0.32865,12,7.119,0.80565,1.0838299999999998,0.21348000000000003,2016
United States,0.48163,1.50796,0.41076999999999997,13,7.104,0.779,1.04782,0.14868,2016
Costa Rica,0.55225,1.06879,0.22553,14,7.087000000000001,0.76146,1.02152,0.10547000000000001,2016
Puerto Rico,0.46823000000000004,1.35943,0.22202,15,7.039,0.77758,1.08113,0.12275,2016
Germany,0.53466,1.44787,0.30451999999999996,16,6.994,0.81487,1.09774,0.28551,2016
Brazil,0.40425,1.08754,0.15775999999999998,17,6.952000000000001,0.61415,1.03938,0.14165999999999998,2016
Belgium,0.51354,1.42539,0.2424,18,6.928999999999999,0.8195899999999999,1.05249,0.26248,2016
Ireland,0.54008,1.4834100000000001,0.44963000000000003,19,6.907,0.81455,1.16157,0.29754,2016
Luxembourg,0.5487,1.6975200000000001,0.27571,20,6.871,0.8454200000000001,1.03999,0.35329,2016
Mexico,0.37709000000000004,1.1150799999999998,0.11735,21,6.778,0.71143,0.7146,0.18355,2016
Singapore,0.4877,1.64555,0.32706,22,6.739,0.94719,0.8675799999999999,0.46986999999999995,2016
United Kingdom,0.50036,1.40283,0.50156,23,6.725,0.80991,1.0867200000000001,0.27399,2016
Chile,0.37789,1.2167,0.31595,24,6.705,0.8188300000000001,0.9058700000000001,0.11450999999999999,2016
Panama,0.48927,1.18306,0.2418,25,6.7010000000000005,0.70835,0.9891200000000001,0.08423,2016
Argentina,0.42283999999999994,1.15137,0.10989000000000002,26,6.65,0.69711,1.0661200000000002,0.07296,2016
Czech Republic,0.41418,1.30915,0.09929,27,6.596,0.76376,1.00793,0.03986,2016
United Arab Emirates,0.56215,1.57352,0.26591,28,6.5729999999999995,0.72993,0.8711399999999999,0.35561,2016
Uruguay,0.54388,1.18157,0.18056,29,6.545,0.72183,1.0314299999999998,0.21394000000000002,2016
Malta,0.54994,1.30782,0.56237,30,6.4879999999999995,0.80315,1.09879,0.17554,2016
Colombia,0.44735,1.0303200000000001,0.15625999999999998,31,6.481,0.59659,1.02169,0.053989999999999996,2016
France,0.46562,1.39488,0.1216,32,6.478,0.83795,1.00508,0.17808,2016
Thailand,0.49553,1.0893,0.58696,33,6.474,0.64915,1.04477,0.02833,2016
Saudi Arabia,0.37904,1.48953,0.15457,34,6.379,0.59267,0.84829,0.30008,2016
Taiwan,0.32377,1.39729,0.25495,34,6.379,0.79565,0.92624,0.0663,2016
Qatar,0.56679,1.82427,0.32388,36,6.375,0.71723,0.87964,0.48049,2016
Spain,0.37545,1.34253,0.17665,37,6.361000000000001,0.8789600000000001,1.12945,0.06137000000000001,2016
Algeria,0.21006,1.05266,0.07044,38,6.355,0.6180399999999999,0.83309,0.16157,2016
Guatemala,0.50379,0.83454,0.28808,39,6.324,0.5403899999999999,0.8711899999999999,0.08701,2016
Suriname,0.5223399999999999,1.09686,0.16665,40,6.269,0.5093300000000001,0.77866,0.12692,2016
Kuwait,0.43166000000000004,1.61714,0.15965,41,6.239,0.63569,0.8775799999999999,0.23669,2016
Bahrain,0.47375,1.44024,0.17147,42,6.218,0.65696,0.9439700000000001,0.25772,2016
Trinidad and Tobago,0.48453,1.32572,0.31935,43,6.167999999999999,0.52608,0.98569,0.01241,2016
Venezuela,0.19847,1.1336700000000002,0.0425,44,6.084,0.6190399999999999,1.03302,0.08304,2016
Slovakia,0.23390999999999998,1.27973,0.13837,45,6.077999999999999,0.70367,1.0826799999999999,0.02947,2016
El Salvador,0.37269,0.8737,0.08877,46,6.068,0.596,0.80975,0.10613,2016
Malaysia,0.39031,1.25142,0.41473999999999994,47,6.005,0.62366,0.88025,0.09081,2016
Nicaragua,0.46581999999999996,0.69384,0.29773,48,5.992000000000001,0.65213,0.8952100000000001,0.16292,2016
Uzbekistan,0.60848,0.7359100000000001,0.34326,49,5.987,0.50163,1.1681,0.28333,2016
Italy,0.18827,1.35495,0.16684000000000002,50,5.977,0.8510200000000001,1.04167,0.02556,2016
Ecuador,0.4027,0.97306,0.10074,51,5.976,0.68613,0.85974,0.18037,2016
Belize,0.51231,0.87616,0.23684000000000002,52,5.956,0.45569,0.68655,0.10770999999999999,2016
Japan,0.46761,1.3800700000000001,0.10224,53,5.921,0.91491,1.06054,0.18985,2016
Kazakhstan,0.4052,1.22943,0.15011,54,5.919,0.57386,0.95544,0.11132,2016
Moldova,0.25201999999999997,0.69177,0.19997,55,5.897,0.5230899999999999,0.8313200000000001,0.019030000000000002,2016
Russia,0.32682,1.2322799999999998,0.027360000000000002,56,5.856,0.58991,1.05261,0.03586,2016
Poland,0.4519,1.24585,0.14443,57,5.835,0.69058,1.04685,0.055,2016
South Korea,0.25168,1.35948,0.18824000000000002,57,5.835,0.88645,0.7219399999999999,0.07716,2016
Bolivia,0.50961,0.79422,0.21698,59,5.822,0.4697,0.8377899999999999,0.07746,2016
Lithuania,0.18929,1.2692,0.02025,60,5.813,0.64674,1.0641100000000001,0.0182,2016
Belarus,0.29091,1.1306200000000002,0.13942000000000002,61,5.8020000000000005,0.6310399999999999,1.04993,0.17457,2016
North Cyprus,0.43596,1.31141,0.26322,62,5.771,0.8414200000000001,0.81826,0.16577999999999998,2016
Slovenia,0.53164,1.2994700000000001,0.25738,63,5.768,0.79151,1.05613,0.03635,2016
Peru,0.37501999999999996,0.9960200000000001,0.14527,64,5.742999999999999,0.6299399999999999,0.81255,0.05292,2016
Turkmenistan,0.37408,1.08017,0.22566999999999998,65,5.6579999999999995,0.44006000000000006,1.03817,0.28467,2016
Mauritius,0.46145,1.14372,0.36951,66,5.648,0.66189,0.75695,0.05202999999999999,2016
Libya,0.40671999999999997,1.0668799999999998,0.17087,67,5.615,0.52304,0.95076,0.10339000000000001,2016
Latvia,0.27996,1.2178799999999999,0.17445,68,5.56,0.63952,0.95025,0.0889,2016
Cyprus,0.29507,1.31857,0.27906,69,5.546,0.8488,0.70697,0.05227999999999999,2016
Paraguay,0.46235,0.8937299999999999,0.25296,70,5.537999999999999,0.58295,1.11111,0.07396,2016
Romania,0.36712,1.1697,0.12889,71,5.528,0.67602,0.7280300000000001,0.006790000000000001,2016
Estonia,0.41511000000000003,1.2796399999999999,0.08423,72,5.517,0.68098,1.0516299999999998,0.18519000000000002,2016
Jamaica,0.43596999999999997,0.89333,0.22245,73,5.51,0.5946899999999999,0.96372,0.04294,2016
Croatia,0.23906999999999998,1.18649,0.18434,74,5.4879999999999995,0.70524,0.6080899999999999,0.04002,2016
Hong Kong,0.48078999999999994,1.5107,0.40097,75,5.457999999999999,0.9527700000000001,0.87021,0.31647,2016
Somalia,0.5677800000000001,0.0,0.27225,76,5.44,0.11465999999999998,0.33613000000000004,0.3118,2016
Kosovo,0.14396,0.90145,0.27992,77,5.401,0.54,0.66062,0.06547,2016
Turkey,0.23889000000000002,1.1649200000000002,0.04707,78,5.388999999999999,0.64718,0.8771700000000001,0.12347999999999999,2016
Indonesia,0.39237,0.95104,0.56521,79,5.314,0.49373999999999996,0.87625,0.00322,2016
Jordan,0.36023,0.9967299999999999,0.14262,80,5.303,0.60712,0.86216,0.13297,2016
Azerbaijan,0.35327,1.12373,0.0564,81,5.291,0.54504,0.76042,0.17914000000000002,2016
Philippines,0.5485399999999999,0.81217,0.21674000000000002,82,5.279,0.47036000000000006,0.87877,0.11757000000000001,2016
China,0.44011999999999996,1.0278,0.049589999999999995,83,5.245,0.73561,0.79381,0.02745,2016
Bhutan,0.46074,0.8527,0.48546000000000006,84,5.196000000000001,0.49759,0.9083600000000001,0.1616,2016
Kyrgyzstan,0.40212,0.5604399999999999,0.38432,85,5.185,0.5544899999999999,0.95434,0.047619999999999996,2016
Serbia,0.15718,1.03437,0.20736999999999997,86,5.1770000000000005,0.6458,0.81329,0.04339,2016
Bosnia and Herzegovina,0.09511,0.9338299999999999,0.29889,87,5.162999999999999,0.7076600000000001,0.64367,0.0,2016
Montenegro,0.15111,1.07838,0.17190999999999998,88,5.1610000000000005,0.6353300000000001,0.74173,0.12721,2016
Dominican Republic,0.52259,1.02787,0.21286,89,5.155,0.5766899999999999,0.9949600000000001,0.12372000000000001,2016
Morocco,0.25645999999999997,0.8405799999999999,0.040530000000000004,90,5.151,0.5947100000000001,0.38595,0.08404,2016
Hungary,0.1977,1.24142,0.099,91,5.145,0.67608,0.9316399999999999,0.044719999999999996,2016
Pakistan,0.14622000000000002,0.68816,0.31185,92,5.132000000000001,0.40306,0.26135,0.1388,2016
Lebanon,0.26228,1.12268,0.23693000000000003,93,5.129,0.76171,0.64184,0.030610000000000002,2016
Portugal,0.44727,1.27607,0.11690999999999999,94,5.122999999999999,0.7936300000000001,0.9436700000000001,0.01521,2016
Macedonia,0.27668000000000004,1.0193,0.23506999999999997,95,5.121,0.6473800000000001,0.78236,0.07047,2016
Vietnam,0.5595399999999999,0.74037,0.25075,96,5.061,0.66157,0.7911699999999999,0.11556,2016
Somaliland Region,0.3913,0.25558000000000003,0.51479,97,5.0569999999999995,0.33108000000000004,0.75862,0.36794,2016
Tunisia,0.23553000000000002,0.97724,0.03936,98,5.045,0.59577,0.43165,0.0817,2016
Greece,0.05822000000000001,1.24886,0.0,99,5.033,0.80029,0.75473,0.04127,2016
Tajikistan,0.43408,0.48835,0.25998000000000004,100,4.996,0.5311899999999999,0.75602,0.13509000000000002,2016
Mongolia,0.35972,0.9885299999999999,0.34539000000000003,101,4.907,0.55469,1.0898299999999999,0.03285,2016
Laos,0.52168,0.68042,0.43078999999999995,102,4.876,0.38291,0.5497,0.22423,2016
Nigeria,0.27854,0.75216,0.23219,103,4.875,0.05108,0.64498,0.0305,2016
Honduras,0.26755,0.69429,0.2044,104,4.871,0.5838300000000001,0.7559600000000001,0.06906,2016
Iran,0.22544,1.11758,0.38538,105,4.813,0.64232,0.38856999999999997,0.0557,2016
Zambia,0.42662,0.61202,0.17865999999999999,106,4.795,0.23573000000000002,0.6376,0.11479,2016
Nepal,0.37012,0.44626000000000005,0.3816,107,4.793,0.50073,0.69699,0.07007999999999999,2016
Palestinian Territories,0.17744000000000001,0.67024,0.11154000000000001,108,4.754,0.56844,0.71629,0.10613,2016
Albania,0.31866,0.9553,0.1684,109,4.655,0.73007,0.50163,0.05301,2016
Bangladesh,0.39778,0.54177,0.19132000000000002,110,4.643,0.52989,0.24749000000000002,0.12583,2016
Sierra Leone,0.30685,0.36485,0.23897,111,4.635,0.0,0.628,0.08196,2016
Iraq,0.24856,1.07474,0.19589,112,4.575,0.51076,0.59205,0.13635999999999998,2016
Namibia,0.48613999999999996,0.9328700000000001,0.07795,113,4.574,0.34745,0.70362,0.10397999999999999,2016
Cameroon,0.42736,0.5249699999999999,0.2268,114,4.513,0.12697999999999998,0.62542,0.06126,2016
Ethiopia,0.36703,0.29283000000000003,0.29522,115,4.508,0.34578000000000003,0.37932,0.1717,2016
South Africa,0.42483000000000004,1.02416,0.13656,116,4.459,0.18611,0.9605299999999999,0.08415,2016
Sri Lanka,0.50817,0.9731799999999999,0.46978000000000003,117,4.415,0.62007,0.84783,0.07964,2016
India,0.40285,0.74036,0.25028,118,4.404,0.45091000000000003,0.29247,0.08722,2016
Myanmar,0.42691999999999997,0.34112,0.81971,119,4.395,0.3988,0.69981,0.20243,2016
Egypt,0.18847,0.95395,0.12705999999999998,120,4.362,0.5211600000000001,0.49813,0.10393,2016
Armenia,0.14037,0.8608600000000001,0.07793,121,4.36,0.64083,0.6247699999999999,0.036160000000000005,2016
Kenya,0.40576,0.52267,0.41328000000000004,122,4.356,0.30146999999999996,0.7624,0.06686,2016
Ukraine,0.12859,0.87287,0.20363,123,4.324,0.58628,1.01413,0.01829,2016
Ghana,0.40973000000000004,0.63107,0.21203000000000002,124,4.276,0.29681,0.49353,0.0326,2016
Congo (Kinshasa),0.15602,0.05661,0.25458000000000003,125,4.272,0.188,0.80676,0.06075,2016
Georgia,0.32461,0.8379200000000001,0.06786,126,4.252,0.64035,0.19249000000000002,0.3188,2016
Congo (Brazzaville),0.37938,0.7710899999999999,0.12077,127,4.236000000000001,0.28212,0.47798999999999997,0.09752999999999999,2016
Senegal,0.31056,0.44314,0.19103,128,4.218999999999999,0.40457,0.7741600000000001,0.11681,2016
Bulgaria,0.21219000000000002,1.11306,0.12793,129,4.217,0.67806,0.92542,0.00615,2016
Mauritania,0.1268,0.6139100000000001,0.22685999999999998,130,4.2010000000000005,0.28639000000000003,0.8414200000000001,0.17955,2016
Zimbabwe,0.25429,0.35041,0.18503,131,4.1930000000000005,0.1595,0.71478,0.08582000000000001,2016
Malawi,0.4143,0.08709,0.30968,132,4.156000000000001,0.29364,0.147,0.07564,2016
Sudan,0.0,0.63069,0.18077000000000001,133,4.138999999999999,0.29759,0.8192799999999999,0.10039,2016
Gabon,0.28098,1.15851,0.062439999999999996,134,4.121,0.3494,0.72368,0.09314,2016
Mali,0.27544,0.31292,0.21064000000000002,135,4.073,0.16347,0.8633299999999999,0.13647,2016
Haiti,0.12072000000000001,0.34097,0.47958,136,4.0280000000000005,0.27494,0.29561,0.14476,2016
Botswana,0.44088999999999995,1.09426,0.12425,137,3.9739999999999998,0.34752,0.89186,0.10769000000000001,2016
Comoros,0.15412,0.27509,0.1827,138,3.9560000000000004,0.29980999999999997,0.60323,0.18437,2016
Ivory Coast,0.40663,0.55507,0.20338,139,3.9160000000000004,0.04476,0.57576,0.1553,2016
Cambodia,0.5885199999999999,0.55604,0.40339,140,3.907,0.42494,0.5375,0.08092,2016
Angola,0.00589,0.84731,0.12070999999999998,141,3.866,0.04991,0.66366,0.08434,2016
Niger,0.38040999999999997,0.1327,0.2097,142,3.8560000000000003,0.26161999999999996,0.6053,0.17176,2016
South Sudan,0.19662000000000002,0.39394,0.25899,143,3.832,0.15780999999999998,0.18519000000000002,0.13015,2016
Chad,0.12807000000000002,0.42213999999999996,0.18667,144,3.763,0.038239999999999996,0.63178,0.04952,2016
Burkina Faso,0.3337,0.31995,0.24353000000000002,145,3.739,0.21297,0.63054,0.12533,2016
Uganda,0.43653000000000003,0.34719,0.27102,145,3.739,0.19625,0.90981,0.06442,2016
Yemen,0.2287,0.57939,0.09821,147,3.7239999999999998,0.31048000000000003,0.47493,0.05892000000000001,2016
Madagascar,0.13684000000000002,0.27954,0.2204,148,3.695,0.37109000000000003,0.46115,0.07506,2016
Tanzania,0.3176,0.47155,0.31472,149,3.6660000000000004,0.35700000000000004,0.77623,0.05099,2016
Liberia,0.25748000000000004,0.10705999999999999,0.24063,150,3.622,0.23165,0.50353,0.04852,2016
Guinea,0.30953,0.22415,0.29914,151,3.6069999999999998,0.18829,0.3109,0.1192,2016
Rwanda,0.5432,0.32846,0.23551999999999998,152,3.515,0.31865,0.6158600000000001,0.50521,2016
Benin,0.39747,0.39499,0.2018,153,3.484,0.21028000000000002,0.10419,0.06681000000000001,2016
Afghanistan,0.1643,0.38227,0.31268,154,3.36,0.17344,0.11037000000000001,0.07112,2016
Togo,0.34678000000000003,0.28123000000000004,0.17517,155,3.303,0.24811,0.0,0.11587,2016
Syria,0.06912,0.7471899999999999,0.48396999999999996,156,3.069,0.6299399999999999,0.14866,0.17232999999999998,2016
Burundi,0.0432,0.06831,0.2029,157,2.905,0.15747,0.23442,0.09419,2016
Norway,0.635422587394714,1.6164631843566901,0.36201223731041,1,7.537000179290769,0.796666502952576,1.53352355957031,0.31596383452415505,2017
Denmark,0.626006722450256,1.48238301277161,0.3552804887294771,2,7.52199983596802,0.7925655245780941,1.55112159252167,0.40077006816863997,2017
Iceland,0.6271626353263849,1.480633020401,0.47554022073745705,3,7.50400018692017,0.8335521221160892,1.6105740070343,0.15352655947208402,2017
Switzerland,0.620070576667786,1.5649795532226598,0.29054927825927696,4,7.49399995803833,0.858131289482117,1.51691174507141,0.36700728535652205,2017
Finland,0.6179508566856379,1.44357192516327,0.24548277258873,5,7.468999862670901,0.80915766954422,1.5402467250824,0.38261154294014,2017
Netherlands,0.5853844881057739,1.50394463539124,0.47048982977867104,6,7.3769998550415,0.8106961250305179,1.42893922328949,0.282661825418472,2017
Canada,0.611100912094116,1.47920441627502,0.435539722442627,7,7.31599998474121,0.83455765247345,1.48134899139404,0.287371516227722,2017
New Zealand,0.6140621304512021,1.40570604801178,0.500005125999451,8,7.31400012969971,0.816759705543518,1.54819512367249,0.38281670212745705,2017
Sweden,0.612924098968506,1.49438726902008,0.38539925217628496,9,7.28399991989136,0.830875158309937,1.47816216945648,0.384398728609085,2017
Australia,0.601607382297516,1.4844149351120002,0.47769924998283403,10,7.28399991989136,0.84388679265976,1.5100419521331798,0.301183730363846,2017
Israel,0.40598860383033797,1.3753824234008798,0.330082654953003,11,7.212999820709231,0.83840399980545,1.37628996372223,0.0852421000599861,2017
Costa Rica,0.580131649971008,1.10970628261566,0.21461322903633104,12,7.0789999961853,0.7595092654228209,1.4164036512374898,0.100106589496136,2017
Austria,0.567766189575195,1.4870972633361799,0.316472321748734,13,7.00600004196167,0.8153284192085269,1.4599449634552,0.22106036543846105,2017
United States,0.505740523338318,1.54625928401947,0.392578780651093,14,6.993000030517581,0.7742866277694699,1.4199205636978103,0.135638788342476,2017
Ireland,0.5731103420257571,1.5357066392898602,0.42785832285881,15,6.9770002365112305,0.8097826242446899,1.5582311153411899,0.29838815331459007,2017
Germany,0.562511384487152,1.48792338371277,0.33626917004585305,16,6.9510002136230495,0.798950731754303,1.47252035140991,0.276731938123703,2017
Belgium,0.5397707223892211,1.4637807607650801,0.23150333762168898,17,6.89099979400635,0.8180918693542479,1.4623126983642598,0.251343131065369,2017
Luxembourg,0.59662789106369,1.74194359779358,0.283180981874466,18,6.86299991607666,0.845089495182037,1.45758366584778,0.31883442401886,2017
United Kingdom,0.508190035820007,1.44163393974304,0.492774158716202,19,6.71400022506714,0.805335938930511,1.4964600801467902,0.265428066253662,2017
Chile,0.376895278692245,1.25278460979462,0.3266624212265011,20,6.65199995040894,0.8194797039031979,1.28402495384216,0.0822879821062088,2017
United Arab Emirates,0.60834527015686,1.6263433694839498,0.3609419465065,21,6.6479997634887695,0.726798236370087,1.2664102315902699,0.324489563703537,2017
Brazil,0.437453746795654,1.1073532104492199,0.16234989464282998,22,6.6350002288818395,0.6165523529052729,1.43130600452423,0.11109276115894301,2017
Czech Republic,0.49094617366790794,1.35268235206604,0.0881067588925362,23,6.60900020599365,0.754444003105164,1.4338852167129499,0.0368729270994663,2017
Argentina,0.49451920390129106,1.18529546260834,0.109457060694695,24,6.59899997711182,0.695137083530426,1.44045114517212,0.05973988771438599,2017
Mexico,0.412730008363724,1.1531838178634601,0.12099043279886199,25,6.57800006866455,0.709978997707367,1.2108621597290001,0.132774114608765,2017
Singapore,0.549840569496155,1.69227766990662,0.345965981483459,26,6.57200002670288,0.9494923949241642,1.35381436347961,0.46430778503417997,2017
Malta,0.588767051696777,1.34327983856201,0.5747305750846861,27,6.52699995040894,0.821944236755371,1.48841166496277,0.153066068887711,2017
Uruguay,0.5793922543525699,1.2175596952438401,0.175096929073334,28,6.4539999961853,0.719216823577881,1.4122278690338101,0.17806187272071802,2017
Guatemala,0.5313106179237371,0.872001945972443,0.283488392829895,29,6.4539999961853,0.540239989757538,1.25558519363403,0.0772232785820961,2017
Panama,0.550026834011078,1.23374843597412,0.21055693924427,30,6.4520001411438,0.706156134605408,1.3731925487518302,0.070983923971653,2017
France,0.470222115516663,1.43092346191406,0.129762306809425,31,6.44199991226196,0.8444658517837521,1.38777685165405,0.172502428293228,2017
Thailand,0.580200731754303,1.12786877155304,0.572123110294342,32,6.4239997863769505,0.647239029407501,1.4257924556732198,0.0316127352416515,2017
Taiwan Province of China,0.361466586589813,1.4336265325546298,0.258360475301743,33,6.42199993133545,0.793984234333038,1.38456535339355,0.0638292357325554,2017
Spain,0.408781230449677,1.38439786434174,0.190133571624756,34,6.40299987792969,0.888960599899292,1.53209090232849,0.0709140971302986,2017
Qatar,0.604130983352661,1.8707656860351598,0.33047387003898604,35,6.375,0.7100980877876278,1.27429687976837,0.43929925560951205,2017
Colombia,0.47748741507530196,1.07062232494354,0.14901447296142598,36,6.35699987411499,0.595027923583984,1.4021829366683998,0.0466687418520451,2017
Saudi Arabia,0.449750572443008,1.53062355518341,0.147616013884544,37,6.343999862670901,0.590148329734802,1.28667759895325,0.27343225479126004,2017
Trinidad and Tobago,0.518630743026733,1.36135590076447,0.32529646158218395,38,6.1680002212524405,0.5199832916259771,1.3802285194397,0.00896481610834599,2017
Kuwait,0.49633759260177596,1.63295245170593,0.228289797902107,39,6.10500001907349,0.6321057081222529,1.25969874858856,0.21515955030918102,2017
Slovakia,0.295817464590073,1.32539355754852,0.136544480919838,40,6.09800004959106,0.712732911109924,1.5050592422485398,0.0242108516395092,2017
Bahrain,0.536746919155121,1.4884122610092199,0.17266848683357197,41,6.08699989318848,0.653133034706116,1.3231104612350502,0.257042169570923,2017
Malaysia,0.40226498246192893,1.29121541976929,0.416608929634094,42,6.08400011062622,0.618784427642822,1.28464603424072,0.0656007081270218,2017
Nicaragua,0.447551846504211,0.737299203872681,0.301674216985703,43,6.07100009918213,0.6530959606170649,1.28721570968628,0.130687981843948,2017
Ecuador,0.4551981985569,1.00082039833069,0.15011246502399403,44,6.00799989700317,0.685636222362518,1.2861688137054401,0.140134647488594,2017
El Salvador,0.432452529668808,0.9097844958305359,0.0782579854130745,45,6.002999782562259,0.596018552780151,1.1821250915527302,0.0899809598922729,2017
Poland,0.520342111587524,1.29178786277771,0.158465966582298,46,5.97300004959106,0.699475347995758,1.44571197032928,0.0593078061938286,2017
Uzbekistan,0.6582486629486078,0.786441087722778,0.41598364710807795,47,5.97100019454956,0.498272627592087,1.5489691495895401,0.246528223156929,2017
Italy,0.256450712680817,1.3950666189193701,0.17278964817523998,48,5.96400022506714,0.8531443476676941,1.44492328166962,0.0280280914157629,2017
Russia,0.373783111572266,1.28177809715271,0.0522638224065304,49,5.962999820709231,0.547349333763123,1.46928238868713,0.0329628810286522,2017
Belize,0.5475093722343439,0.907975316047668,0.24001564085483604,50,5.955999851226809,0.45019176602363603,1.0814177989959701,0.0965810716152191,2017
Japan,0.505625545978546,1.41691517829895,0.12057276815175999,51,5.92000007629395,0.9134758710861209,1.43633782863617,0.163760736584663,2017
Lithuania,0.234231784939766,1.3145823478698702,0.010164656676352,52,5.90199995040894,0.62894994020462,1.47351610660553,0.0118656428530812,2017
Algeria,0.233335807919502,1.09186446666718,0.0694366469979286,53,5.872000217437741,0.6175846457481379,1.1462174654007,0.14609611034393302,2017
Latvia,0.32570791244506797,1.26074862480164,0.153074786067009,54,5.849999904632571,0.638566970825195,1.40471494197845,0.0738427266478539,2017
South Korea,0.257921665906906,1.40167844295502,0.206674367189407,55,5.837999820709231,0.900214076042175,1.1282744407653797,0.0632826685905457,2017
Moldova,0.24072904884815197,0.7288706302642819,0.20877912640571603,56,5.837999820709231,0.5894652009010309,1.25182557106018,0.0100912861526012,2017
Romania,0.457003742456436,1.21768391132355,0.133519917726517,57,5.824999809265139,0.6851583123207089,1.15009129047394,0.0043879006989300294,2017
Bolivia,0.5587329268455511,0.833756566047668,0.22556072473526,58,5.82299995422363,0.47363024950027505,1.2276190519332901,0.0604777261614799,2017
Turkmenistan,0.41827192902565,1.1307767629623402,0.24992498755454998,59,5.82200002670288,0.437726080417633,1.49314916133881,0.25927034020423895,2017
Kazakhstan,0.43745428323745705,1.2845562696456898,0.20196442306041698,60,5.8189997673034695,0.6060415506362921,1.3843690156936599,0.11928288638591802,2017
North Cyprus,0.47120362520217896,1.3469113111496,0.266845703125,61,5.80999994277954,0.834647238254547,1.18630337715149,0.155353352427483,2017
Slovenia,0.572575807571411,1.3412059545516999,0.242649093270302,62,5.75799989700317,0.7908282279968258,1.4525188207626298,0.0451289787888527,2017
Peru,0.45000287890434293,1.0352252721786501,0.126819714903831,63,5.71500015258789,0.6301661133766171,1.21877038478851,0.0470490865409374,2017
Mauritius,0.491247326135635,1.1893955469131499,0.360933750867844,64,5.62900018692017,0.6380074620246889,1.20956099033356,0.0421815551817417,2017
Cyprus,0.35511153936386103,1.3559380769729599,0.271254301071167,65,5.62099981307983,0.84471470117569,1.13136327266693,0.0412379764020443,2017
Estonia,0.479131430387497,1.3208793401718102,0.0988908112049103,66,5.61100006103516,0.695168316364288,1.47667109966278,0.18324892222881303,2017
Belarus,0.295400261878967,1.15655755996704,0.15513750910759,67,5.5689997673034695,0.6377142667770389,1.4449452161788898,0.156313821673393,2017
Libya,0.465733230113983,1.1018030643463101,0.15207366645336198,68,5.525000095367429,0.520169019699097,1.3575643301010099,0.0926102101802826,2017
Turkey,0.300740599632263,1.1982743740081798,0.0466930419206619,69,5.5,0.6376056075096129,1.33775317668915,0.0996715798974037,2017
Paraguay,0.473507791757584,0.932537317276001,0.224150657653809,70,5.493000030517581,0.579250693321228,1.50728487968445,0.091065913438797,2017
"Hong Kong S.A.R., China",0.490968644618988,1.55167484283447,0.374465793371201,71,5.47200012207031,0.943062424659729,1.26279091835022,0.29393374919891396,2017
Philippines,0.585214674472809,0.85769921541214,0.193513423204422,72,5.42999982833862,0.46800905466079706,1.25391757488251,0.0993318930268288,2017
Serbia,0.20871552824974102,1.06931757926941,0.22012588381767298,73,5.39499998092651,0.65078467130661,1.2581897974014298,0.0409037806093693,2017
Jordan,0.418421149253845,0.9910123944282528,0.17217046022415197,74,5.33599996566772,0.6045900583267211,1.2390888929367099,0.11980327218771002,2017
Hungary,0.17586351931095098,1.2860119342803997,0.0784016624093056,75,5.32399988174438,0.6877634525299069,1.34313309192657,0.0366369374096394,2017
Jamaica,0.474307239055634,0.925579309463501,0.23381833732128102,76,5.31099987030029,0.6410223841667181,1.3682180643081698,0.0552677810192108,2017
Croatia,0.255772292613983,1.22255623340607,0.248002976179123,77,5.2930002212524405,0.701288521289825,0.9679830074310299,0.0431031100451946,2017
Kosovo,0.260287940502167,0.951484382152557,0.319931447505951,78,5.27899980545044,0.541452050209045,1.1378535032272301,0.0574716180562973,2017
China,0.47278770804405196,1.08116579055786,0.0288068410009146,79,5.2729997634887695,0.741415500640869,1.16083741188049,0.0227942746132612,2017
Pakistan,0.23521526157856,0.7268835306167599,0.31544601917266807,80,5.26900005340576,0.40204778313636796,0.6726906895637509,0.12434806674718901,2017
Indonesia,0.443323463201523,0.995538592338562,0.611704587936401,81,5.26200008392334,0.49234572052955605,1.2744446992874099,0.0153171354904771,2017
Venezuela,0.15399712324142498,1.12843120098114,0.0650196298956871,82,5.25,0.617144227027893,1.43133759498596,0.0644911229610443,2017
Montenegro,0.194989055395126,1.12112903594971,0.197911024093628,83,5.23699998855591,0.6674646735191351,1.23837649822235,0.0881741940975189,2017
Morocco,0.408158332109451,0.8781145811080929,0.0322099551558495,84,5.2350001335144,0.59771066904068,0.774864435195923,0.0877631828188896,2017
Azerbaijan,0.39815583825111406,1.1536017656326298,0.0452693402767181,85,5.234000205993651,0.5407757759094239,1.15240025520325,0.180987507104874,2017
Dominican Republic,0.55258983373642,1.07937383651733,0.186967849731445,86,5.230000019073491,0.574873745441437,1.4024167060852097,0.113945253193378,2017
Greece,0.0957312509417534,1.28948748111725,0.0,87,5.2270002365112305,0.8101989030838009,1.23941457271576,0.043289776891470004,2017
Lebanon,0.28851598501205394,1.07498753070831,0.26445075869560203,88,5.22499990463257,0.7350810766220089,1.1296242475509601,0.037513829767704,2017
Portugal,0.498465299606323,1.3151752948761002,0.0951027125120163,89,5.19500017166138,0.795843541622162,1.36704301834106,0.0158694516867399,2017
Bosnia and Herzegovina,0.204403176903725,0.982409417629242,0.328867495059967,90,5.18200016021729,0.705186307430267,1.0693359375,0.0,2017
Honduras,0.348079860210419,0.730573117733002,0.23618887364864302,91,5.1810002326965305,0.582569479942322,1.14394497871399,0.0733454525470734,2017
Macedonia,0.325905978679657,1.06457793712616,0.25376096367836,92,5.175000190734861,0.644948184490204,1.20789301395416,0.0602777935564518,2017
Somalia,0.602126955986023,0.0226431842893362,0.291631311178207,93,5.151000022888179,0.11398913711309401,0.7211513519287109,0.28241032361984303,2017
Vietnam,0.571055591106415,0.7885475754737851,0.23496805131435397,94,5.07399988174438,0.6521689891815191,1.27749133110046,0.0876332372426987,2017
Nigeria,0.394952565431595,0.783756256103516,0.23094719648361198,95,5.07399988174438,0.0569157302379608,1.21577048301697,0.0261215660721064,2017
Tajikistan,0.47156670689582797,0.524713635444641,0.24899764358997303,96,5.04099988937378,0.5292351245880129,1.27146327495575,0.14637714624404902,2017
Bhutan,0.5015376806259161,0.885416388511658,0.474054545164108,97,5.01100015640259,0.495879292488098,1.3401265144348102,0.17338038980960802,2017
Kyrgyzstan,0.454943388700485,0.5962200760841371,0.42858037352562,98,5.0040001869201705,0.553457796573639,1.39423859119415,0.0394391790032387,2017
Nepal,0.44030594825744607,0.479820191860199,0.39409616589546204,99,4.961999893188481,0.504130780696869,1.17928326129913,0.0729755461215973,2017
Mongolia,0.39414396882057207,1.0272358655929599,0.338464230298996,100,4.95499992370605,0.557783484458923,1.4930112361908001,0.0329022891819477,2017
South Africa,0.479246735572815,1.05469870567322,0.13936237990856198,101,4.8289999961853,0.18708007037639604,1.38478863239288,0.0725094974040985,2017
Tunisia,0.289680689573288,1.00726580619812,0.0496933571994305,102,4.80499982833862,0.613212049007416,0.8683514595031742,0.0867231488227844,2017
Palestinian Territories,0.25471106171608,0.716249227523804,0.114173173904419,103,4.77500009536743,0.565666973590851,1.1556471586227401,0.0892826020717621,2017
Egypt,0.28211015462875394,0.989701807498932,0.128631442785263,104,4.7350001335144,0.520187258720398,0.997471392154694,0.114381365478039,2017
Bulgaria,0.28923171758651695,1.1614590883255,0.113177694380283,105,4.71400022506714,0.708217680454254,1.4343794584274299,0.0110515309497714,2017
Sierra Leone,0.318697690963745,0.36842092871666,0.293040901422501,106,4.70900011062622,0.005564753897488121,0.984136044979095,0.0710951760411263,2017
Cameroon,0.430388748645782,0.564305365085602,0.23629845678806302,107,4.69500017166138,0.132892116904259,0.946018218994141,0.0513066314160824,2017
Iran,0.24932260811328896,1.15687310695648,0.387242913246155,108,4.69199991226196,0.639333188533783,0.7115512490272521,0.048761073499918005,2017
Albania,0.381498634815216,0.996192753314972,0.20131294429302202,109,4.64400005340576,0.731159746646881,0.8036852478981021,0.0398642159998417,2017
Bangladesh,0.478356659412384,0.586682975292206,0.17225535213947304,110,4.60799980163574,0.533241033554077,0.735131740570068,0.123717859387398,2017
Namibia,0.520303547382355,0.964434325695038,0.0771337449550629,111,4.57399988174438,0.33861181139946,1.0984708070755,0.0931469723582268,2017
Kenya,0.45276376605033897,0.560479462146759,0.444860309362411,112,4.55299997329712,0.30998834967613204,1.0679507255554201,0.0646413192152977,2017
Mozambique,0.48079109191894503,0.23430564999580397,0.322228103876114,113,4.550000190734861,0.10665443539619399,0.870701014995575,0.17943638563156103,2017
Myanmar,0.514492034912109,0.36711055040359497,0.8380751609802249,114,4.54500007629395,0.397522568702698,1.12323594093323,0.188816204667091,2017
Senegal,0.37792226672172496,0.479309022426605,0.183468893170357,115,4.53499984741211,0.409362852573395,1.17969191074371,0.11546044796705199,2017
Zambia,0.461603492498398,0.6364067792892459,0.249580144882202,116,4.513999938964839,0.25783589482307395,1.00318729877472,0.0782135501503944,2017
Iraq,0.288555532693863,1.1027104854583702,0.19963726401329,117,4.49700021743774,0.501180469989777,0.978613197803497,0.10721575468778599,2017
Gabon,0.31232857704162603,1.1982102394104,0.0437853783369064,118,4.46500015258789,0.35657858848571794,1.1556202173233001,0.0760467872023582,2017
Ethiopia,0.408842742443085,0.339233845472336,0.31265074014663696,119,4.46000003814697,0.35340970754623396,0.8646692037582401,0.16545571386814098,2017
Sri Lanka,0.561213254928589,1.00985014438629,0.49086356163024897,120,4.44000005722046,0.625130832195282,1.25997638702393,0.0736539661884308,2017
Armenia,0.198303267359734,0.900596737861633,0.0834880918264389,121,4.37599992752075,0.637524425983429,1.00748372077942,0.0266744215041399,2017
India,0.469987004995346,0.7922212481498722,0.23153848946094502,122,4.31500005722046,0.455427616834641,0.754372596740723,0.0922268852591515,2017
Mauritania,0.0960980430245399,0.6484572887420649,0.201870024204254,123,4.29199981689453,0.285349279642105,1.2720308303833001,0.136957004666328,2017
Congo (Brazzaville),0.4350258708000179,0.8089642524719242,0.12085212767124198,124,4.29099988937378,0.28995743393898,0.8320443630218509,0.0796181336045265,2017
Georgia,0.309410035610199,0.950612664222717,0.0540088154375553,125,4.28599977493286,0.649546980857849,0.57061493396759,0.25166663527488703,2017
Congo (Kinshasa),0.235961347818375,0.0921023488044739,0.246455833315849,126,4.2800002098083505,0.191407024860382,1.22902345657349,0.0602413564920425,2017
Mali,0.306613743305206,0.476180493831635,0.183354198932648,127,4.19000005722046,0.16936567425727803,1.2814733982086202,0.10497024655342098,2017
Ivory Coast,0.4477061927318571,0.6030489206314089,0.201237469911575,128,4.17999982833862,0.0486421696841717,0.904780030250549,0.130061775445938,2017
Cambodia,0.633375823497772,0.6017650961875921,0.385922968387604,129,4.1680002212524405,0.429783403873444,1.00623834133148,0.0681059509515762,2017
Sudan,0.0149958552792668,0.6595166921615601,0.182317450642586,130,4.138999938964839,0.290920823812485,1.21400856971741,0.089847519993782,2017
Ghana,0.423026293516159,0.667224824428558,0.25692394375801103,131,4.11999988555908,0.29563772678375205,0.873664736747742,0.0253363698720932,2017
Ukraine,0.12297477573156401,0.89465194940567,0.270061463117599,132,4.09600019454956,0.575903952121735,1.39453756809235,0.0230294708162546,2017
Uganda,0.443185955286026,0.381430715322495,0.32576605677604703,133,4.08099985122681,0.21763260662555703,1.12982773780823,0.057069718837738,2017
Burkina Faso,0.32436785101890603,0.35022771358490007,0.250864684581757,134,4.03200006484985,0.21584425866603896,1.04328000545502,0.12032810598611803,2017
Niger,0.36365869641304,0.16192533075809498,0.22867384552955602,135,4.02799987792969,0.26850500702858,0.993025004863739,0.13857294619083402,2017
Malawi,0.466914653778076,0.233442038297653,0.28717046976089505,136,3.97000002861023,0.315089583396912,0.5125688314437871,0.0727116540074348,2017
Chad,0.16234202682972002,0.43801298737525896,0.21611385047435802,137,3.9360001087188703,0.0411347150802612,0.953855872154236,0.0535818822681904,2017
Zimbabwe,0.336384207010269,0.37584653496742204,0.189143493771553,138,3.875,0.19676375389099102,1.08309590816498,0.0953753814101219,2017
Lesotho,0.390661299228668,0.521021246910095,0.157497271895409,139,3.80800008773804,0.0,1.19009518623352,0.119094640016556,2017
Angola,0.0,0.8584281802177429,0.09792649000883098,140,3.79500007629395,0.0498686656355858,1.1044119596481299,0.0697203353047371,2017
Afghanistan,0.106179520487785,0.401477217674255,0.311870932579041,141,3.7939999103546103,0.18074677884578697,0.581543326377869,0.0611578300595284,2017
Botswana,0.505196332931519,1.12209415435791,0.0993484482169151,142,3.7660000324249303,0.34175550937652605,1.2215549945831299,0.0985831990838051,2017
Benin,0.42596277594566295,0.43108540773391707,0.207948461174965,143,3.65700006484985,0.20993021130561804,0.43529984354972795,0.0609290152788162,2017
Madagascar,0.18919676542282102,0.305808693170547,0.208732530474663,144,3.64400005340576,0.375223308801651,0.9130203723907471,0.0672319754958153,2017
Haiti,0.0303698573261499,0.368610262870789,0.48920378088951094,145,3.6029999256133998,0.277321130037308,0.640449821949005,0.0998721495270729,2017
Yemen,0.24946372210979503,0.5916834473609921,0.104125209152699,146,3.59299993515015,0.310080915689468,0.93538224697113,0.0567674227058887,2017
South Sudan,0.147062435746193,0.39724862575531,0.285670816898346,147,3.5910000801086404,0.163486003875732,0.601323127746582,0.116793513298035,2017
Liberia,0.33288118243217496,0.11904179304838199,0.26654988527298,148,3.5329999923706095,0.229918196797371,0.8721179366111759,0.0389482490718365,2017
Guinea,0.348587512969971,0.24454993009567302,0.264815092086792,149,3.50699996948242,0.194129139184952,0.7912446856498722,0.110937617719173,2017
Togo,0.38042613863945,0.30544471740722695,0.19689615070819896,150,3.4949998855590803,0.247105568647385,0.4318825304508211,0.0956650152802467,2017
Rwanda,0.5818438529968261,0.368745893239975,0.25275602936744695,151,3.47099995613098,0.326424807310104,0.945707023143768,0.455220013856888,2017
Syria,0.0815394446253777,0.777153134346008,0.49366372823715204,152,3.46199989318848,0.5005333423614501,0.396102607250214,0.15134713053703303,2017
Tanzania,0.390017777681351,0.511135876178741,0.354256361722946,153,3.34899997711182,0.364509284496307,1.04198980331421,0.0660351067781448,2017
Burundi,0.0599007532000542,0.09162256866693501,0.20443518459796897,154,2.90499997138977,0.151610791683197,0.629793584346771,0.0841479450464249,2017
Central African Republic,0.270842045545578,0.0,0.280876487493515,155,2.69300007820129,0.0187726859003305,0.0,0.0565650761127472,2017
Finland,0.6809999999999999,1.305,0.20199999999999999,1,7.632000000000001,0.8740000000000001,1.5919999999999999,0.39299999999999996,2018
Norway,0.6859999999999999,1.456,0.28600000000000003,2,7.593999999999999,0.861,1.5819999999999999,0.34,2018
Denmark,0.6829999999999999,1.351,0.284,3,7.555,0.868,1.59,0.408,2018
Iceland,0.677,1.3430000000000002,0.353,4,7.495,0.914,1.6440000000000001,0.138,2018
Switzerland,0.66,1.42,0.256,5,7.487,0.927,1.5490000000000002,0.35700000000000004,2018
Netherlands,0.638,1.361,0.33299999999999996,6,7.441,0.878,1.4880000000000002,0.295,2018
Canada,0.653,1.33,0.321,7,7.327999999999999,0.8959999999999999,1.5319999999999998,0.29100000000000004,2018
New Zealand,0.669,1.268,0.365,8,7.324,0.8759999999999999,1.601,0.389,2018
Sweden,0.659,1.355,0.285,9,7.314,0.9129999999999999,1.501,0.38299999999999995,2018
Australia,0.647,1.34,0.361,10,7.272,0.91,1.5730000000000002,0.302,2018
United Kingdom,0.46399999999999997,1.244,0.262,11,7.19,0.888,1.433,0.08199999999999999,2018
Austria,0.617,1.341,0.242,12,7.138999999999999,0.8909999999999999,1.504,0.22399999999999998,2018
Costa Rica,0.632,1.01,0.14300000000000002,13,7.072,0.8170000000000001,1.459,0.10099999999999999,2018
Ireland,0.614,1.4480000000000002,0.307,14,6.977,0.8759999999999999,1.5830000000000002,0.306,2018
Germany,0.586,1.34,0.273,15,6.965,0.861,1.474,0.28,2018
Belgium,0.583,1.324,0.188,16,6.9270000000000005,0.894,1.483,0.24,2018
Luxembourg,0.632,1.5759999999999998,0.196,17,6.91,0.8959999999999999,1.52,0.321,2018
United States,0.547,1.3980000000000001,0.29100000000000004,18,6.886,0.8190000000000001,1.4709999999999999,0.133,2018
Israel,0.5329999999999999,1.301,0.354,19,6.814,0.883,1.5590000000000002,0.272,2018
United Arab Emirates,0.284,2.096,0.18600000000000003,20,6.774,0.67,0.7759999999999999,,2018
Czech Republic,0.5429999999999999,1.2329999999999999,0.064,21,6.711,0.8540000000000001,1.489,0.034,2018
Malta,0.645,1.27,0.376,22,6.627000000000001,0.884,1.525,0.142,2018
France,0.52,1.2930000000000001,0.098,23,6.489,0.9079999999999999,1.466,0.17600000000000002,2018
Mexico,0.479,1.038,0.069,24,6.4879999999999995,0.7609999999999999,1.252,0.095,2018
Chile,0.431,1.131,0.19699999999999998,25,6.476,0.8079999999999999,1.331,0.061,2018
Taiwan,0.418,1.365,0.151,26,6.441,0.857,1.436,0.078,2018
Panama,0.597,1.112,0.125,27,6.43,0.759,1.4380000000000002,0.063,2018
Brazil,0.493,0.986,0.11,28,6.419,0.675,1.474,0.08800000000000001,2018
Argentina,0.57,1.073,0.062,29,6.388,0.7440000000000001,1.4680000000000002,0.054000000000000006,2018
Guatemala,0.604,0.7809999999999999,0.179,30,6.382000000000001,0.608,1.268,0.071,2018
Uruguay,0.625,1.093,0.13,31,6.379,0.7709999999999999,1.459,0.155,2018
Qatar,0.654,1.649,0.256,32,6.374,0.748,1.3030000000000002,0.171,2018
Saudi Arabia,0.509,1.379,0.098,33,6.371,0.633,1.331,0.127,2018
Singapore,0.631,1.5290000000000001,0.261,34,6.343,1.008,1.4509999999999998,0.457,2018
Malaysia,0.35600000000000004,1.161,0.311,35,6.322,0.669,1.258,0.059000000000000004,2018
Spain,0.449,1.251,0.142,36,6.31,0.965,1.538,0.07400000000000001,2018
Colombia,0.531,0.96,0.099,37,6.26,0.635,1.439,0.039,2018
Trinidad & Tobago,0.575,1.2229999999999999,0.171,38,6.192,0.564,1.492,0.019,2018
Slovakia,0.354,1.21,0.11800000000000001,39,6.172999999999999,0.7759999999999999,1.537,0.013999999999999999,2018
El Salvador,0.461,0.8059999999999999,0.065,40,6.167000000000001,0.639,1.2309999999999999,0.08199999999999999,2018
Nicaragua,0.527,0.6679999999999999,0.20800000000000002,41,6.141,0.7,1.319,0.128,2018
Poland,0.546,1.176,0.10800000000000001,42,6.122999999999999,0.7809999999999999,1.4480000000000002,0.064,2018
Bahrain,0.594,1.338,0.243,43,6.105,0.698,1.3659999999999999,0.12300000000000001,2018
Uzbekistan,0.7240000000000001,0.7190000000000001,0.32799999999999996,44,6.096,0.605,1.584,0.259,2018
Kuwait,0.5539999999999999,1.474,0.16699999999999998,45,6.082999999999999,0.675,1.301,0.106,2018
Thailand,0.637,1.016,0.364,46,6.072,0.7070000000000001,1.4169999999999998,0.028999999999999998,2018
Italy,0.281,1.264,0.13699999999999998,47,6.0,0.946,1.501,0.027999999999999997,2018
Ecuador,0.556,0.889,0.114,48,5.973,0.736,1.33,0.12,2018
Belize,0.593,0.807,0.183,49,5.956,0.474,1.101,0.08900000000000001,2018
Lithuania,0.35,1.197,0.026000000000000002,50,5.952000000000001,0.716,1.527,0.006,2018
Slovenia,0.633,1.219,0.16,51,5.9479999999999995,0.856,1.506,0.051,2018
Romania,0.528,1.1159999999999999,0.08800000000000001,52,5.945,0.726,1.219,0.001,2018
Latvia,0.363,1.148,0.092,53,5.933,0.6709999999999999,1.454,0.066,2018
Japan,0.5529999999999999,1.294,0.079,54,5.915,0.988,1.462,0.15,2018
Mauritius,0.584,1.09,0.245,55,5.891,0.684,1.3869999999999998,0.05,2018
Jamaica,0.575,0.8190000000000001,0.096,56,5.89,0.693,1.493,0.031,2018
South Korea,0.244,1.266,0.175,57,5.875,0.955,1.204,0.051,2018
Northern Cyprus,0.495,1.229,0.179,58,5.835,0.909,1.2109999999999999,0.154,2018
Russia,0.39899999999999997,1.151,0.065,59,5.81,0.599,1.479,0.025,2018
Kazakhstan,0.45399999999999996,1.143,0.14800000000000002,60,5.79,0.631,1.516,0.121,2018
Cyprus,0.423,1.229,0.20199999999999999,61,5.7620000000000005,0.909,1.1909999999999998,0.035,2018
Bolivia,0.606,0.7509999999999999,0.141,62,5.752000000000001,0.508,1.2229999999999999,0.054000000000000006,2018
Estonia,0.5529999999999999,1.2,0.086,63,5.739,0.737,1.5319999999999998,0.174,2018
Paraguay,0.541,0.835,0.162,64,5.681,0.615,1.5219999999999998,0.07400000000000001,2018
Peru,0.53,0.934,0.092,65,5.662999999999999,0.674,1.249,0.034,2018
Kosovo,0.44799999999999995,0.855,0.27399999999999997,66,5.662000000000001,0.578,1.23,0.023,2018
Moldova,0.23199999999999998,0.657,0.171,67,5.64,0.62,1.301,0.0,2018
Turkmenistan,0.41700000000000004,1.016,0.19899999999999998,68,5.636,0.517,1.5330000000000001,0.037000000000000005,2018
Hungary,0.259,1.171,0.061,69,5.62,0.732,1.401,0.022000000000000002,2018
Libya,0.496,0.985,0.11599999999999999,70,5.566,0.5529999999999999,1.35,0.14800000000000002,2018
Philippines,0.643,0.775,0.12,71,5.524,0.513,1.3119999999999998,0.105,2018
Honduras,0.45899999999999996,0.62,0.19699999999999998,72,5.504,0.622,1.205,0.07400000000000001,2018
Belarus,0.307,1.0390000000000001,0.10099999999999999,73,5.483,0.7,1.4980000000000002,0.154,2018
Turkey,0.324,1.148,0.106,74,5.483,0.6859999999999999,1.38,0.109,2018
Pakistan,0.33399999999999996,0.652,0.21600000000000003,75,5.472,0.424,0.81,0.113,2018
Hong Kong,0.524,1.405,0.24600000000000002,76,5.43,1.03,1.29,0.29100000000000004,2018
Portugal,0.562,1.188,0.055,77,5.41,0.884,1.429,0.017,2018
Serbia,0.28800000000000003,0.975,0.134,78,5.398,0.685,1.369,0.043,2018
Greece,0.131,1.1540000000000001,0.0,79,5.358,0.879,1.202,0.044000000000000004,2018
Lebanon,0.503,0.965,0.214,80,5.358,0.785,1.179,0.136,2018
Montenegro,0.259,1.0170000000000001,0.111,81,5.347,0.7290000000000001,1.2790000000000001,0.081,2018
Croatia,0.38,1.115,0.12,82,5.321000000000001,0.737,1.161,0.039,2018
Dominican Republic,0.578,0.982,0.12,83,5.3020000000000005,0.614,1.4409999999999998,0.106,2018
Algeria,0.077,0.9790000000000001,0.055,84,5.295,0.687,1.1540000000000001,0.135,2018
Morocco,0.46,0.779,0.026000000000000002,85,5.254,0.669,0.797,0.07400000000000001,2018
China,0.597,0.9890000000000001,0.028999999999999998,86,5.246,0.799,1.1420000000000001,0.10300000000000001,2018
Azerbaijan,0.43,1.024,0.031,87,5.2010000000000005,0.603,1.161,0.17600000000000002,2018
Tajikistan,0.292,0.474,0.187,88,5.199,0.598,1.166,0.034,2018
Macedonia,0.39399999999999996,0.9590000000000001,0.17300000000000001,89,5.185,0.691,1.239,0.052000000000000005,2018
Jordan,0.46799999999999997,0.8220000000000001,0.13,90,5.1610000000000005,0.645,1.265,0.134,2018
Nigeria,0.462,0.6890000000000001,0.201,91,5.155,0.048,1.172,0.032,2018
Kyrgyzstan,0.54,0.53,0.281,92,5.131,0.594,1.416,0.035,2018
Bosnia and Herzegovina,0.28,0.915,0.21600000000000003,93,5.129,0.758,1.078,0.0,2018
Mongolia,0.395,0.914,0.253,94,5.125,0.575,1.517,0.032,2018
Vietnam,0.618,0.715,0.177,95,5.103,0.7020000000000001,1.365,0.079,2018
Indonesia,0.5379999999999999,0.899,0.484,96,5.093,0.522,1.215,0.018000000000000002,2018
Bhutan,0.541,0.7959999999999999,0.364,97,5.082,0.527,1.335,0.171,2018
Somalia,0.674,0.0,0.23800000000000002,98,4.982,0.115,0.7120000000000001,0.282,2018
Cameroon,0.45399999999999996,0.535,0.183,99,4.975,0.182,0.8909999999999999,0.043,2018
Bulgaria,0.359,1.054,0.064,100,4.933,0.7120000000000001,1.515,0.009000000000000001,2018
Nepal,0.526,0.425,0.302,101,4.88,0.539,1.228,0.078,2018
Venezuela,0.133,0.996,0.055999999999999994,102,4.806,0.657,1.469,0.052000000000000005,2018
Gabon,0.35600000000000004,1.036,0.032,103,4.758,0.40399999999999997,1.1640000000000001,0.052000000000000005,2018
Palestinian Territories,0.266,0.642,0.086,104,4.743,0.602,1.217,0.076,2018
South Africa,0.516,0.94,0.10300000000000001,105,4.724,0.33,1.41,0.055999999999999994,2018
Iran,0.45899999999999996,1.0590000000000002,0.282,106,4.707,0.691,0.7709999999999999,0.129,2018
Ivory Coast,0.467,0.541,0.146,107,4.671,0.08,0.872,0.10300000000000001,2018
Ghana,0.499,0.5920000000000001,0.212,108,4.657,0.337,0.8959999999999999,0.028999999999999998,2018
Senegal,0.406,0.429,0.138,109,4.631,0.433,1.117,0.08199999999999999,2018
Laos,0.626,0.72,0.23,110,4.623,0.441,1.034,0.174,2018
Tunisia,0.271,0.9,0.04,111,4.592,0.69,0.9059999999999999,0.063,2018
Albania,0.419,0.9159999999999999,0.149,112,4.586,0.79,0.8170000000000001,0.032,2018
Sierra Leone,0.355,0.256,0.23800000000000002,113,4.571000000000001,0.0,0.813,0.053,2018
Congo (Brazzaville),0.514,0.682,0.091,114,4.559,0.34299999999999997,0.8109999999999999,0.077,2018
Bangladesh,0.58,0.532,0.153,115,4.5,0.579,0.85,0.14400000000000002,2018
Sri Lanka,0.585,0.9179999999999999,0.307,116,4.471,0.672,1.314,0.05,2018
Iraq,0.304,1.01,0.14800000000000002,117,4.456,0.536,0.971,0.095,2018
Mali,0.36700000000000005,0.37,0.139,118,4.447,0.152,1.2329999999999999,0.055999999999999994,2018
Namibia,0.519,0.8740000000000001,0.051,119,4.441,0.365,1.281,0.064,2018
Cambodia,0.696,0.5489999999999999,0.256,120,4.433,0.457,1.088,0.065,2018
Burkina Faso,0.312,0.314,0.175,121,4.4239999999999995,0.254,1.097,0.128,2018
Egypt,0.312,0.885,0.092,122,4.419,0.5529999999999999,1.025,0.107,2018
Mozambique,0.531,0.198,0.20600000000000002,123,4.417,0.17300000000000001,0.902,0.158,2018
Kenya,0.504,0.493,0.35200000000000004,124,4.41,0.45399999999999996,1.048,0.055,2018
Zambia,0.503,0.562,0.221,125,4.377,0.295,1.047,0.08199999999999999,2018
Mauritania,0.129,0.557,0.134,126,4.356,0.292,1.245,0.09300000000000001,2018
Ethiopia,0.452,0.308,0.22,127,4.35,0.391,0.95,0.146,2018
Georgia,0.375,0.853,0.038,128,4.34,0.643,0.5920000000000001,0.215,2018
Armenia,0.26,0.816,0.077,129,4.321000000000001,0.6659999999999999,0.99,0.027999999999999997,2018
Myanmar,0.58,0.682,0.598,130,4.308,0.429,1.1740000000000002,0.17800000000000002,2018
Chad,0.18899999999999997,0.358,0.18100000000000002,131,4.301,0.053,0.907,0.06,2018
Congo (Kinshasa),0.312,0.069,0.19699999999999998,132,4.245,0.204,1.136,0.052000000000000005,2018
India,0.539,0.721,0.172,133,4.19,0.485,0.747,0.09300000000000001,2018
Niger,0.39,0.131,0.175,134,4.166,0.221,0.867,0.099,2018
Uganda,0.45,0.322,0.259,135,4.1610000000000005,0.237,1.09,0.061,2018
Benin,0.44,0.37799999999999995,0.163,136,4.141,0.24,0.37200000000000005,0.067,2018
Sudan,0.016,0.605,0.134,137,4.138999999999999,0.312,1.24,0.08199999999999999,2018
Ukraine,0.163,0.7929999999999999,0.187,138,4.103,0.609,1.413,0.011000000000000001,2018
Togo,0.434,0.259,0.158,139,3.9989999999999997,0.253,0.474,0.10099999999999999,2018
Guinea,0.39399999999999996,0.344,0.185,140,3.964,0.21100000000000002,0.792,0.094,2018
Lesotho,0.423,0.47200000000000003,0.11599999999999999,141,3.8080000000000003,0.079,1.215,0.11199999999999999,2018
Angola,0.0,0.73,0.079,142,3.795,0.26899999999999996,1.125,0.061,2018
Madagascar,0.221,0.262,0.155,143,3.7739999999999996,0.402,0.9079999999999999,0.049,2018
Zimbabwe,0.406,0.35700000000000004,0.132,144,3.6919999999999997,0.248,1.094,0.099,2018
Afghanistan,0.085,0.332,0.191,145,3.6319999999999997,0.255,0.537,0.036000000000000004,2018
Botswana,0.557,1.0170000000000001,0.042,146,3.59,0.41700000000000004,1.1740000000000002,0.092,2018
Malawi,0.531,0.18600000000000003,0.21,147,3.5869999999999997,0.306,0.541,0.08,2018
Haiti,0.025,0.315,0.392,148,3.582,0.289,0.7140000000000001,0.10400000000000001,2018
Liberia,0.419,0.076,0.20600000000000002,149,3.495,0.267,0.858,0.03,2018
Syria,0.08800000000000001,0.6890000000000001,0.376,150,3.4619999999999997,0.539,0.382,0.14400000000000002,2018
Rwanda,0.636,0.332,0.2,151,3.408,0.4,0.8959999999999999,0.444,2018
Yemen,0.244,0.442,0.083,152,3.355,0.34299999999999997,1.073,0.064,2018
Tanzania,0.48100000000000004,0.455,0.27,153,3.303,0.381,0.991,0.09699999999999999,2018
South Sudan,0.11199999999999999,0.337,0.22399999999999998,154,3.2539999999999996,0.177,0.608,0.106,2018
Central African Republic,0.305,0.024,0.218,155,3.083,0.01,0.0,0.038,2018
Burundi,0.065,0.091,0.149,156,2.905,0.145,0.627,0.076,2018
Finland,0.596,1.34,0.153,1,7.769,0.986,1.587,0.39299999999999996,2019
Denmark,0.5920000000000001,1.383,0.252,2,7.6,0.996,1.5730000000000002,0.41,2019
Norway,0.603,1.4880000000000002,0.271,3,7.553999999999999,1.028,1.5819999999999999,0.341,2019
Iceland,0.591,1.38,0.354,4,7.494,1.026,1.624,0.11800000000000001,2019
Netherlands,0.557,1.396,0.322,5,7.4879999999999995,0.9990000000000001,1.5219999999999998,0.298,2019
Switzerland,0.5720000000000001,1.452,0.263,6,7.48,1.052,1.526,0.34299999999999997,2019
Sweden,0.574,1.3869999999999998,0.267,7,7.343,1.0090000000000001,1.4869999999999999,0.373,2019
New Zealand,0.585,1.3030000000000002,0.33,8,7.307,1.026,1.557,0.38,2019
Canada,0.584,1.365,0.285,9,7.278,1.0390000000000001,1.505,0.308,2019
Austria,0.532,1.376,0.244,10,7.246,1.016,1.475,0.226,2019
Australia,0.557,1.3719999999999999,0.332,11,7.228,1.036,1.548,0.29,2019
Costa Rica,0.5579999999999999,1.034,0.14400000000000002,12,7.167000000000001,0.963,1.4409999999999998,0.09300000000000001,2019
Israel,0.371,1.276,0.261,13,7.138999999999999,1.0290000000000001,1.455,0.08199999999999999,2019
Luxembourg,0.526,1.609,0.19399999999999998,14,7.09,1.012,1.479,0.316,2019
United Kingdom,0.45,1.3330000000000002,0.348,15,7.053999999999999,0.996,1.538,0.278,2019
Ireland,0.516,1.499,0.298,16,7.021,0.9990000000000001,1.5530000000000002,0.31,2019
Germany,0.495,1.3730000000000002,0.261,17,6.985,0.987,1.454,0.265,2019
Belgium,0.473,1.3559999999999999,0.16,18,6.922999999999999,0.986,1.504,0.21,2019
United States,0.45399999999999996,1.433,0.28,19,6.892,0.8740000000000001,1.4569999999999999,0.128,2019
Czech Republic,0.457,1.2690000000000001,0.046,20,6.852,0.92,1.4869999999999999,0.036000000000000004,2019
United Arab Emirates,0.598,1.5030000000000001,0.262,21,6.825,0.825,1.31,0.182,2019
Malta,0.564,1.3,0.375,22,6.726,0.9990000000000001,1.52,0.151,2019
Mexico,0.433,1.07,0.07400000000000001,23,6.595,0.861,1.3230000000000002,0.073,2019
France,0.436,1.324,0.111,24,6.5920000000000005,1.045,1.472,0.183,2019
Taiwan,0.35100000000000003,1.368,0.242,25,6.446000000000001,0.914,1.43,0.09699999999999999,2019
Chile,0.35700000000000004,1.159,0.187,26,6.444,0.92,1.369,0.055999999999999994,2019
Guatemala,0.535,0.8,0.175,27,6.436,0.746,1.2690000000000001,0.078,2019
Saudi Arabia,0.439,1.403,0.08,28,6.375,0.795,1.357,0.132,2019
Qatar,0.555,1.6840000000000002,0.22,29,6.374,0.871,1.3130000000000002,0.16699999999999998,2019
Spain,0.36200000000000004,1.286,0.153,30,6.354,1.062,1.484,0.079,2019
Panama,0.516,1.149,0.109,31,6.321000000000001,0.91,1.442,0.054000000000000006,2019
Brazil,0.39,1.004,0.099,32,6.3,0.802,1.439,0.086,2019
Uruguay,0.523,1.124,0.127,33,6.292999999999999,0.8909999999999999,1.465,0.15,2019
Singapore,0.556,1.5719999999999998,0.271,34,6.2620000000000005,1.141,1.463,0.45299999999999996,2019
El Salvador,0.43,0.794,0.09300000000000001,35,6.252999999999999,0.789,1.242,0.07400000000000001,2019
Italy,0.231,1.294,0.158,36,6.223,1.0390000000000001,1.4880000000000002,0.03,2019
Bahrain,0.536,1.3619999999999999,0.255,37,6.199,0.871,1.368,0.11,2019
Slovakia,0.33399999999999996,1.246,0.121,38,6.1979999999999995,0.8809999999999999,1.504,0.013999999999999999,2019
Trinidad & Tobago,0.489,1.2309999999999999,0.185,39,6.192,0.713,1.4769999999999999,0.016,2019
Poland,0.483,1.206,0.11699999999999999,40,6.182,0.884,1.4380000000000002,0.05,2019
Uzbekistan,0.631,0.745,0.322,41,6.1739999999999995,0.7559999999999999,1.5290000000000001,0.24,2019
Lithuania,0.29100000000000004,1.238,0.043,42,6.149,0.818,1.515,0.042,2019
Colombia,0.47,0.985,0.099,43,6.125,0.841,1.41,0.034,2019
Slovenia,0.564,1.258,0.14400000000000002,44,6.117999999999999,0.953,1.5230000000000001,0.057,2019
Nicaragua,0.435,0.6940000000000001,0.2,45,6.105,0.835,1.325,0.127,2019
Kosovo,0.489,0.882,0.262,46,6.1,0.758,1.232,0.006,2019
Argentina,0.47100000000000003,1.092,0.066,47,6.086,0.8809999999999999,1.432,0.05,2019
Romania,0.462,1.162,0.083,48,6.07,0.825,1.232,0.005,2019
Cyprus,0.406,1.263,0.19,49,6.046,1.042,1.2229999999999999,0.040999999999999995,2019
Ecuador,0.498,0.912,0.126,50,6.028,0.868,1.3119999999999998,0.087,2019
Kuwait,0.493,1.5,0.142,51,6.021,0.8079999999999999,1.319,0.09699999999999999,2019
Thailand,0.557,1.05,0.359,52,6.007999999999999,0.828,1.409,0.027999999999999997,2019
Latvia,0.264,1.187,0.075,53,5.94,0.812,1.465,0.064,2019
South Korea,0.159,1.301,0.175,54,5.895,1.036,1.219,0.055999999999999994,2019
Estonia,0.495,1.237,0.10300000000000001,55,5.893,0.8740000000000001,1.528,0.161,2019
Jamaica,0.49,0.831,0.107,56,5.89,0.831,1.4780000000000002,0.027999999999999997,2019
Mauritius,0.498,1.12,0.215,57,5.888,0.7979999999999999,1.402,0.06,2019
Japan,0.445,1.327,0.069,58,5.886,1.088,1.419,0.14,2019
Honduras,0.507,0.642,0.24600000000000002,59,5.86,0.828,1.236,0.078,2019
Kazakhstan,0.41,1.173,0.146,60,5.809,0.7290000000000001,1.508,0.096,2019
Bolivia,0.511,0.7759999999999999,0.13699999999999998,61,5.779,0.706,1.209,0.064,2019
Hungary,0.19899999999999998,1.2009999999999998,0.081,62,5.757999999999999,0.828,1.41,0.02,2019
Paraguay,0.514,0.855,0.184,63,5.742999999999999,0.777,1.475,0.08,2019
Northern Cyprus,0.41700000000000004,1.263,0.191,64,5.718,1.042,1.252,0.162,2019
Peru,0.455,0.96,0.083,65,5.697,0.8540000000000001,1.274,0.027000000000000003,2019
Portugal,0.508,1.2209999999999999,0.047,66,5.693,0.9990000000000001,1.431,0.025,2019
Pakistan,0.313,0.677,0.22,67,5.653,0.535,0.8859999999999999,0.098,2019
Russia,0.33399999999999996,1.183,0.08199999999999999,68,5.648,0.726,1.452,0.031,2019
Philippines,0.5579999999999999,0.807,0.11699999999999999,69,5.631,0.657,1.2930000000000001,0.107,2019
Serbia,0.282,1.004,0.13699999999999998,70,5.603,0.8540000000000001,1.383,0.039,2019
Moldova,0.245,0.685,0.18100000000000002,71,5.529,0.7390000000000001,1.328,0.0,2019
Libya,0.41600000000000004,1.044,0.133,72,5.525,0.6729999999999999,1.3030000000000002,0.152,2019
Montenegro,0.19699999999999998,1.051,0.142,73,5.523,0.871,1.361,0.08,2019
Tajikistan,0.389,0.493,0.23,74,5.4670000000000005,0.718,1.0979999999999999,0.14400000000000002,2019
Croatia,0.29600000000000004,1.155,0.11900000000000001,75,5.432,0.914,1.266,0.022000000000000002,2019
Hong Kong,0.44,1.4380000000000002,0.258,76,5.43,1.122,1.2770000000000001,0.287,2019
Dominican Republic,0.49700000000000005,1.015,0.113,77,5.425,0.779,1.401,0.10099999999999999,2019
Bosnia and Herzegovina,0.212,0.945,0.263,78,5.386,0.845,1.212,0.006,2019
Turkey,0.195,1.183,0.083,79,5.372999999999999,0.8079999999999999,1.36,0.106,2019
Malaysia,0.508,1.2209999999999999,0.26,80,5.3389999999999995,0.828,1.171,0.024,2019
Belarus,0.235,1.067,0.094,81,5.3229999999999995,0.789,1.465,0.142,2019
Greece,0.067,1.181,0.0,82,5.287000000000001,0.9990000000000001,1.156,0.034,2019
Mongolia,0.317,0.948,0.235,83,5.285,0.667,1.531,0.038,2019
North Macedonia,0.345,0.983,0.185,84,5.274,0.838,1.294,0.034,2019
Nigeria,0.426,0.696,0.215,85,5.265,0.245,1.111,0.040999999999999995,2019
Kyrgyzstan,0.508,0.551,0.3,86,5.261,0.723,1.4380000000000002,0.023,2019
Turkmenistan,0.39399999999999996,1.052,0.244,87,5.247000000000001,0.657,1.538,0.027999999999999997,2019
Algeria,0.086,1.002,0.073,88,5.211,0.785,1.16,0.114,2019
Morocco,0.418,0.8009999999999999,0.036000000000000004,89,5.207999999999999,0.782,0.782,0.076,2019
Azerbaijan,0.35100000000000003,1.043,0.035,90,5.207999999999999,0.769,1.147,0.182,2019
Lebanon,0.21600000000000003,0.987,0.166,91,5.197,0.815,1.224,0.027000000000000003,2019
Indonesia,0.491,0.9309999999999999,0.498,92,5.192,0.66,1.203,0.027999999999999997,2019
China,0.521,1.0290000000000001,0.057999999999999996,93,5.191,0.893,1.125,0.1,2019
Vietnam,0.5429999999999999,0.741,0.147,94,5.175,0.851,1.3459999999999999,0.073,2019
Bhutan,0.457,0.813,0.37,95,5.082,0.604,1.321,0.16699999999999998,2019
Cameroon,0.381,0.5489999999999999,0.187,96,5.044,0.331,0.91,0.037000000000000005,2019
Bulgaria,0.311,1.092,0.081,97,5.011,0.815,1.5130000000000001,0.004,2019
Ghana,0.381,0.611,0.245,98,4.996,0.486,0.868,0.04,2019
Ivory Coast,0.35200000000000004,0.569,0.154,99,4.944,0.23199999999999998,0.8079999999999999,0.09,2019
Nepal,0.439,0.446,0.285,100,4.913,0.677,1.226,0.08900000000000001,2019
Jordan,0.38299999999999995,0.8370000000000001,0.11,101,4.906000000000001,0.815,1.225,0.13,2019
Benin,0.349,0.39299999999999996,0.175,102,4.883,0.397,0.43700000000000006,0.08199999999999999,2019
Congo (Brazzaville),0.37200000000000005,0.6729999999999999,0.105,103,4.812,0.508,0.799,0.09300000000000001,2019
Gabon,0.295,1.057,0.043,104,4.7989999999999995,0.5710000000000001,1.183,0.055,2019
Laos,0.547,0.764,0.266,105,4.796,0.551,1.03,0.16399999999999998,2019
South Africa,0.389,0.96,0.13,106,4.7219999999999995,0.469,1.351,0.055,2019
Albania,0.38299999999999995,0.9470000000000001,0.17800000000000002,107,4.718999999999999,0.8740000000000001,0.848,0.027000000000000003,2019
Venezuela,0.154,0.96,0.064,108,4.707,0.805,1.4269999999999998,0.047,2019
Cambodia,0.609,0.574,0.23199999999999998,109,4.7,0.637,1.122,0.062,2019
Palestinian Territories,0.225,0.657,0.10300000000000001,110,4.696000000000001,0.672,1.247,0.066,2019
Senegal,0.292,0.45,0.153,111,4.681,0.5710000000000001,1.1340000000000001,0.07200000000000001,2019
Somalia,0.5589999999999999,0.0,0.243,112,4.668,0.268,0.698,0.27,2019
Namibia,0.401,0.879,0.07,113,4.638999999999999,0.47700000000000004,1.3130000000000002,0.055999999999999994,2019
Niger,0.318,0.138,0.188,114,4.628,0.366,0.774,0.102,2019
Burkina Faso,0.255,0.331,0.177,115,4.587,0.38,1.056,0.113,2019
Armenia,0.28300000000000003,0.85,0.095,116,4.559,0.815,1.055,0.064,2019
Iran,0.305,1.1,0.27,117,4.548,0.785,0.8420000000000001,0.125,2019
Guinea,0.332,0.38,0.207,118,4.534,0.375,0.8290000000000001,0.086,2019
Georgia,0.34600000000000003,0.8859999999999999,0.043,119,4.519,0.752,0.6659999999999999,0.16399999999999998,2019
Gambia,0.382,0.308,0.26899999999999996,120,4.516,0.428,0.9390000000000001,0.16699999999999998,2019
Kenya,0.431,0.512,0.37200000000000005,121,4.5089999999999995,0.581,0.983,0.053,2019
Mauritania,0.066,0.57,0.106,122,4.49,0.489,1.167,0.08800000000000001,2019
Mozambique,0.494,0.204,0.19699999999999998,123,4.466,0.39,0.986,0.138,2019
Tunisia,0.16699999999999998,0.9209999999999999,0.059000000000000004,124,4.461,0.815,1.0,0.055,2019
Bangladesh,0.527,0.562,0.166,125,4.456,0.723,0.9279999999999999,0.14300000000000002,2019
Iraq,0.24100000000000002,1.043,0.14800000000000002,126,4.437,0.574,0.98,0.08900000000000001,2019
Congo (Kinshasa),0.26899999999999996,0.094,0.212,127,4.418,0.35700000000000004,1.125,0.053,2019
Mali,0.327,0.385,0.153,128,4.39,0.308,1.105,0.052000000000000005,2019
Sierra Leone,0.309,0.268,0.252,129,4.374,0.242,0.841,0.045,2019
Sri Lanka,0.47,0.9490000000000001,0.244,130,4.3660000000000005,0.831,1.265,0.047,2019
Myanmar,0.525,0.71,0.5660000000000001,131,4.36,0.555,1.181,0.172,2019
Chad,0.174,0.35,0.198,132,4.35,0.192,0.7659999999999999,0.078,2019
Ukraine,0.17800000000000002,0.82,0.187,133,4.332,0.7390000000000001,1.39,0.01,2019
Ethiopia,0.344,0.336,0.209,134,4.2860000000000005,0.532,1.033,0.1,2019
Swaziland,0.313,0.8109999999999999,0.07400000000000001,135,4.212,0.0,1.149,0.135,2019
Uganda,0.35600000000000004,0.332,0.252,136,4.189,0.44299999999999995,1.069,0.06,2019
Egypt,0.24100000000000002,0.9129999999999999,0.076,137,4.166,0.644,1.0390000000000001,0.067,2019
Zambia,0.431,0.578,0.247,138,4.107,0.426,1.058,0.087,2019
Togo,0.293,0.275,0.177,139,4.085,0.41,0.5720000000000001,0.085,2019
India,0.498,0.755,0.2,140,4.015,0.588,0.765,0.085,2019
Liberia,0.37,0.073,0.233,141,3.975,0.44299999999999995,0.922,0.033,2019
Comoros,0.142,0.27399999999999997,0.275,142,3.9730000000000003,0.505,0.757,0.078,2019
Madagascar,0.14800000000000002,0.27399999999999997,0.16899999999999998,143,3.9330000000000003,0.555,0.9159999999999999,0.040999999999999995,2019
Lesotho,0.359,0.489,0.107,144,3.802,0.168,1.169,0.09300000000000001,2019
Burundi,0.22,0.046,0.17600000000000002,145,3.775,0.38,0.447,0.18,2019
Zimbabwe,0.361,0.366,0.151,146,3.6630000000000003,0.433,1.114,0.08900000000000001,2019
Haiti,0.026000000000000002,0.32299999999999995,0.419,147,3.597,0.449,0.688,0.11,2019
Botswana,0.455,1.041,0.025,148,3.488,0.5379999999999999,1.145,0.1,2019
Syria,0.013000000000000001,0.619,0.331,149,3.4619999999999997,0.44,0.37799999999999995,0.141,2019
Malawi,0.44299999999999995,0.191,0.218,150,3.41,0.495,0.56,0.08900000000000001,2019
Yemen,0.14300000000000002,0.287,0.10800000000000001,151,3.38,0.46299999999999997,1.163,0.077,2019
Rwanda,0.555,0.359,0.217,152,3.3339999999999996,0.614,0.711,0.41100000000000003,2019
Tanzania,0.41700000000000004,0.47600000000000003,0.276,153,3.2310000000000003,0.499,0.885,0.147,2019
Afghanistan,0.0,0.35,0.158,154,3.2030000000000003,0.361,0.517,0.025,2019
Central African Republic,0.225,0.026000000000000002,0.235,155,3.083,0.105,0.0,0.035,2019
South Sudan,0.01,0.306,0.20199999999999999,156,2.853,0.295,0.575,0.091,2019
